{"_timestamp":1.7448219737075722e+09,"_runtime":33798.155498058,"_step":29,"train_loss":0.2741798625473964,"_wandb":{"runtime":33859},"lr":3.125e-05,"val_n_err":4.894970106356071}