{"_wandb":{"runtime":45},"_timestamp":1.7447821742390618e+09,"_runtime":37.751720819,"_step":1,"lr":0.001,"val_n_err":88.65346134070194}