{"_wandb":{"runtime":1682},"val_n_err":10.735422958027232,"_timestamp":1.7447877607542381e+09,"_runtime":1540.942414306,"_step":0,"train_loss":0.34050920959746483,"lr":0.001}